zone,avg_demand,high_demand
A,143.04166666666666,False
B,152.16666666666666,False
C,132.54166666666666,False
D,144.20833333333334,False
E,142.83333333333334,False
A,140.04131130359005,False
B,153.98199087936305,False
C,131.36203537354257,False
D,148.7012449441907,False
E,139.87018283416938,False
A,147.77330498487984,False
B,151.29450885878606,False
C,137.5866294797314,False
D,144.50036550350077,False
E,144.01931467745476,False
A,137.25698625755393,False
B,160.92672299394323,False
C,130.04188729801592,False
D,139.62151872003832,False
E,146.33156745223053,False
A,141.1518638120294,False
B,151.6335557866322,False
C,139.39544433343042,False
D,144.98284194045078,False
E,145.8335725193384,False
A,142.74942235647967,False
B,151.81406791987206,False
C,129.80870644397143,False
D,141.24927020456877,False
E,141.525085259417,False
A,147.03271314286368,False
B,157.82625394822026,False
C,137.36379613756324,False
D,146.25787663141656,False
E,140.82279872778713,False
A,143.97738125103666,False
B,155.81735907711595,False
C,129.83856250301136,False
D,145.02127925960164,False
E,146.44843749702093,False
A,143.87653455110438,False
B,150.14215123726564,False
C,122.12079712538987,False
D,134.1311939379036,False
E,132.0270948953423,False
A,144.18037907355915,False
B,142.79317049591793,False
C,136.75875716747086,False
D,161.45161891697595,False
E,141.5928343663656,False
A,159.48250062597913,False
B,143.96199892190307,False
C,125.6950291480244,False
D,146.89969327598627,False
E,143.9615995256398,False
A,142.65705829061937,False
B,155.9913886032895,False
C,128.31980310360726,False
D,132.08362018199006,False
E,150.23813029519,False
A,142.46564961732943,False
B,146.35759430671555,False
C,152.4727352600843,False
D,142.7070770780798,False
E,149.878250839196,False
A,135.93302343202745,False
B,157.44626126857716,False
C,134.26144772990978,False
D,143.92040756471226,False
E,150.96914704890065,False
A,140.5763718211381,False
B,166.0968312357669,False
C,129.20592527113013,False
D,151.64754670853526,False
E,147.18882466189925,False
A,144.92873253264327,False
B,153.81833236086962,False
C,130.2984045265647,False
D,135.61779202045872,False
E,142.01075035469458,False
A,146.5577006551532,False
B,158.9895011319919,False
C,133.87915116118728,False
D,145.6820352949124,False
E,146.6488426745181,False
A,134.26004884251208,False
B,155.2905994187897,False
C,129.1113429643008,False
D,143.44349148258507,False
E,134.80102526120237,False
A,149.39635532456742,False
B,153.04788500699172,False
C,130.04541818141794,False
D,145.28803674816547,False
E,148.50430468728769,False
A,124.95081119022076,False
B,153.5752483688568,False
C,132.97798534010562,False
D,133.63188377579087,False
E,140.1988290820649,False
A,117.98610501013673,False
B,167.52134475535354,False
C,139.06134452738806,False
D,138.6384863714251,False
E,143.1203819705524,False
A,137.38302273078116,False
B,153.24513296081759,False
C,135.6253063485756,False
D,142.34994705804868,False
E,152.45835357824376,False
A,144.181624540284,False
B,153.90942690484914,False
C,134.0175557566576,False
D,137.69405643551602,False
E,127.03823134515585,False
A,141.86243679108662,False
B,146.0779638142958,False
C,135.16741060839811,False
D,138.32988815125296,False
E,138.30889149153927,False
A,146.04152552172923,False
B,156.91018399687823,False
C,137.04447934118238,False
D,138.06334967819708,False
E,139.64353252225425,False
A,131.38556213327783,False
B,172.08519564555837,False
C,137.1525680739055,False
D,157.25528120861583,False
E,131.2044696736318,False
A,149.38878545450387,False
B,145.4490487923524,False
C,143.64303422463647,False
D,156.5161975853101,False
E,145.84592190342536,False
A,132.00527123212717,False
B,155.2322657998009,False
C,128.395169711729,False
D,141.83109336550154,False
E,148.92231109966343,False
A,145.85033851683403,False
B,147.85186416343507,False
C,138.90838630260643,False
D,158.76426810687715,False
E,136.6407057214448,False
A,142.73832628474074,False
B,155.04630129731555,False
C,131.5760275527728,False
D,145.2212597880942,False
E,143.33360417396412,False
A,149.43067656034367,False
B,162.09524437818897,False
C,127.4770455270756,False
D,142.62981121199758,False
E,138.89193073410885,False
A,134.92549503066044,False
B,152.5812197792037,False
C,130.78482317028227,False
D,153.19593819484814,False
E,156.6521584397879,False
A,144.34743465448398,False
B,156.64958246390606,False
C,133.83875448587406,False
D,126.38037128207178,False
E,141.56320548323035,False
A,150.22702595133651,False
B,158.6227451341437,False
C,137.69114437955173,False
D,147.9456504848889,False
E,145.76422111822475,False
A,155.2560709423756,False
B,135.40928669888052,False
C,133.36318670023584,False
D,155.77416604564212,False
E,138.28391053622818,False
A,133.76961841893885,False
B,167.44286954602967,False
C,118.59201135338189,False
D,144.41530049011286,False
E,142.7961105330988,False
A,138.66713799853244,False
B,146.16290900207034,False
C,142.84204540636614,False
D,147.01900063365676,False
E,140.0361685267617,False
A,144.20915564547732,False
B,154.60519773917957,False
C,124.77309430692965,False
D,143.24443645894908,False
E,131.98209282851565,False
A,137.14401820633074,False
B,154.2801724199166,False
C,145.67880787113546,False
D,141.17836380397958,False
E,143.71162875573788,False
A,140.71291734301371,False
B,148.10980615941384,False
C,134.95975107838066,False
D,142.58352265415502,False
E,143.21844752891252,False
A,148.29976717645604,False
B,136.17937511045594,False
C,137.72529522182694,False
D,143.1565402160208,False
E,143.30082041405623,False
A,133.46813176143175,False
B,159.90886630649925,False
C,139.1361017774694,False
D,162.65222830195998,False
E,138.90329269204446,False
A,154.3461903881008,False
B,141.4771747573129,False
C,131.9606952303295,False
D,143.6191961110061,False
E,136.2571068091422,False
A,133.09363884606194,False
B,145.82747088836564,False
C,142.35839775780806,False
D,131.9946708554283,False
E,142.28587801849736,False
A,129.83930657374987,False
B,162.59266946077898,False
C,133.17624445267836,False
D,145.5616684469394,False
E,158.00783479873496,False
A,135.8600924867781,False
B,153.15772607702058,False
C,118.86799169635395,False
D,139.08281490391164,False
E,153.24703019297746,False
A,152.7037071268501,False
B,158.65296685731485,False
C,145.13724008936984,False
D,140.2025529869707,False
E,136.091507710834,False
A,147.76377858580636,False
B,150.14747314436383,False
C,131.1223520769946,False
D,144.69682196180977,False
E,143.75192115786072,False
A,154.72444675186262,False
B,155.4881379179124,False
C,140.02091634285924,False
D,153.54391565462626,False
E,136.94759322756323,False
A,140.40046994118018,False
B,148.02709195661842,False
C,124.97009148504854,False
D,151.50527113836927,False
E,132.91854751097458,False
A,149.2283262868987,False
B,164.05092471832359,False
C,140.86155063217421,False
D,141.92945189869147,False
E,148.72195157311256,False
A,144.17903862693476,False
B,159.50907692129954,False
C,121.9708066337171,False
D,144.42143808613127,False
E,141.63914097815555,False
A,134.4805603313635,False
B,142.57201022806015,False
C,128.47678915771309,False
D,157.36833029436434,False
E,149.77054108147672,False
A,147.64236915062594,False
B,149.549072251062,False
C,128.13568699378573,False
D,146.264435497391,False
E,141.51937648980885,False
A,136.51089571841197,False
B,141.27843093444173,False
C,140.74087018457118,False
D,158.12672060698964,False
E,134.43967529291288,False
A,148.77640263950013,False
B,156.7682406688592,False
C,120.01461331489915,False
D,146.89406440235388,False
E,157.56160183096168,False
A,145.4981585244807,False
B,149.94848804359424,False
C,141.62062011738547,False
D,143.2401410766501,False
E,137.60194691829682,False
A,142.55170696653033,False
B,149.91623412925438,False
C,131.06731820101461,False
D,158.88829508264752,False
E,143.16354701223278,False
A,142.14127716742962,False
B,144.46277763612486,False
C,143.2666200352131,False
D,159.92705783909963,False
E,151.90964609472613,False
A,142.0710638747985,False
B,165.57553856237166,False
C,136.5267602915721,False
D,137.26785612367578,False
E,150.6140474140291,False
A,132.70020364910346,False
B,159.6707043296614,False
C,143.4486324950495,False
D,148.30635825893415,False
E,137.37544388928666,False
A,134.7677175504755,False
B,166.52740259514087,False
C,122.86961075277358,False
D,140.61187664688975,False
E,135.18352509966036,False
A,144.72574050697256,False
B,155.68567580613424,False
C,135.17789386801132,False
D,149.11483982185106,False
E,131.10701883252915,False
A,138.24807647156135,False
B,153.0312963535783,False
C,128.0927367707387,False
D,143.15184757630834,False
E,159.08341707256943,False
A,140.9959939030485,False
B,150.6417119770838,False
C,131.24865460130317,False
D,152.71200478350673,False
E,139.37902870391923,False
A,145.00430464459794,False
B,161.61081537171518,False
C,136.14213459788482,False
D,158.08559423697383,False
E,149.30066518518674,False
A,145.46663288881714,False
B,151.85386407936534,False
C,135.44694246710162,False
D,143.8178618156608,False
E,145.22987793232372,False
A,128.72926453068834,False
B,153.7320809376654,False
C,140.3513695792248,False
D,142.61137811335945,False
E,155.18569397480334,False
A,140.80138071445546,False
B,143.52985878295232,False
C,135.69900387317745,False
D,150.75750241609367,False
E,146.87663705994888,False
A,140.73589320834276,False
B,161.6949588239697,False
C,123.80119446971942,False
D,143.11878550193583,False
E,139.96714619897324,False
A,139.82841780550336,False
B,160.81084988662712,False
C,134.81739861170843,False
D,137.2477600679296,False
E,149.23583104826437,False
A,150.94393040301293,False
B,164.81297130798166,False
C,125.28337996845434,False
D,160.28523389715173,False
E,147.7076114885823,False
A,138.6253535524768,False
B,143.04642229530404,False
C,122.79298717175838,False
D,135.06696732369548,False
E,153.80642726627482,False
A,145.03521912816035,False
B,158.48002909774982,False
C,134.53043917807497,False
D,152.38053813616833,False
E,145.5399439569777,False
A,128.18721275483497,False
B,152.65693068715984,False
C,136.1926580778551,False
D,143.97811624940093,False
E,135.38659474841515,False
A,123.0216600350638,False
B,159.16580661191279,False
C,134.72428401768587,False
D,149.32427290107637,False
E,140.44913718323818,False
A,147.90012690455848,False
B,158.138596116421,False
C,136.83455767124025,False
D,151.95672458728754,False
E,146.58800833046703,False
A,149.65214812213833,False
B,149.16668291238128,False
C,123.67835782308842,False
D,142.5505517408913,False
E,139.97359975378092,False
A,148.96775479356546,False
B,153.87986944768042,False
C,138.91157974075975,False
D,139.7426082438705,False
E,137.44034518782198,False
A,149.69312382381955,False
B,154.41213946760467,False
C,122.88442151188781,False
D,144.68579982508237,False
E,134.13074479188353,False
A,149.62787237462896,False
B,154.2748166019422,False
C,119.40132265223534,False
D,145.522027875972,False
E,142.59129663329077,False
A,140.0426731748663,False
B,156.0034581128193,False
C,135.36226067563456,False
D,152.41941719312766,False
E,148.159027444396,False
A,157.97475125826023,False
B,156.46512179392312,False
C,141.43399722692496,False
D,152.87569296960908,False
E,134.89412018666417,False
A,131.18907098741278,False
B,158.32353393882335,False
C,139.31900243093233,False
D,148.2249006058048,False
E,145.8907784579362,False
A,138.18646402103352,False
B,155.14102646394505,False
C,137.60392989582436,False
D,147.42269032103496,False
E,148.61291269564396,False
A,143.5917720705697,False
B,156.63158097399645,False
C,134.26676939866314,False
D,130.09168905222475,False
E,138.42887583953066,False
A,148.1425204950436,False
B,151.74378183906475,False
C,133.6785246184699,False
D,148.83688295368793,False
E,135.56803336890752,False
A,148.43831219132377,False
B,153.41384562395308,False
C,140.22175253392228,False
D,136.8514316935861,False
E,143.63984038794908,False
A,138.76013517029418,False
B,154.58125848119332,False
C,126.11394169365349,False
D,134.31214942048047,False
E,147.74153298926657,False
A,138.08098558378393,False
B,155.76740065020024,False
C,125.42015926251854,False
D,136.2235387382744,False
E,154.19115338919562,False
A,154.00549320798035,False
B,156.21708754719396,False
C,141.34280661268292,False
D,141.05767926986246,False
E,148.52002603008108,False
A,147.09158628771712,False
B,166.50650660776066,False
C,134.2689485071799,False
D,125.59219181160935,False
E,145.4892754375612,False
A,143.69928489939082,False
B,136.32594737728178,False
C,135.19327304825126,False
D,145.4592329854045,False
E,151.47399053515466,False
A,148.34849253409135,False
B,142.14696252866773,False
C,131.44789392269217,False
D,132.77530934580238,False
E,150.13170990313733,False
A,143.28641397010756,False
B,153.01495281072252,False
C,128.7292962280132,False
D,139.27036839813613,False
E,130.57182165829508,False
A,138.44139983183663,False
B,164.95555716856651,False
C,139.30759839514673,False
D,155.31941273978876,False
E,151.3351656938433,False
A,130.22780740116565,False
B,149.36706205579353,False
C,131.07921906134638,False
D,148.47288009067665,False
E,141.82525009670167,False
A,152.20653222225863,False
B,172.61194131942187,False
C,135.19510788047498,False
D,148.72237270144316,False
E,137.69562777028898,False
A,140.9749551463793,False
B,151.90320622745693,False
C,144.29615951688095,False
D,141.95014622121673,False
E,147.40718464780025,False
A,130.26435846651313,False
B,160.66311381606528,False
C,131.50615440756397,False
D,142.17482009298953,False
E,155.54185439387396,False
A,134.55153712992748,False
B,144.85618399743538,False
C,128.42889487159,False
D,141.77139561288058,False
E,146.32314129400038,False
A,137.91320993017567,False
B,164.05615963679358,False
C,137.44034037351508,False
D,147.44972080656595,False
E,134.88349042172516,False
A,156.84710395129184,False
B,154.29751955226246,False
C,133.27659492969224,False
D,150.6144777602713,False
E,139.4362641221844,False
A,145.82982500218688,False
B,147.29579240006413,False
C,130.09839478096913,False
D,143.63816701957424,False
E,143.22366120174738,False
A,152.95558624743595,False
B,154.49252897409326,False
C,111.41607704230788,False
D,146.34467698579965,False
E,140.05082338964633,False
A,135.2104584701234,False
B,147.84409067291506,False
C,136.96088167037095,False
D,149.3668030069368,False
E,141.71914676219868,False
A,146.76766887541697,False
B,154.5036859435471,False
C,143.2127703570755,False
D,145.71360854496407,False
E,143.4053255607912,False
A,138.7909726079091,False
B,154.59956463746303,False
C,129.2587450064994,False
D,138.00652033987163,False
E,140.23886388662476,False
A,149.57742494420137,False
B,159.01146107906123,False
C,133.41510156263925,False
D,157.58453442276715,False
E,149.53911858190884,False
A,133.70825021261183,False
B,144.84343060999475,False
C,126.99609734230299,False
D,139.68939803866178,False
E,149.046975024869,False
A,138.32825170471446,False
B,164.220512936737,False
C,144.10671337247598,False
D,160.65567441282832,False
E,141.81739947218816,False
A,145.28015337001236,False
B,150.52195606967632,False
C,144.2954937480922,False
D,138.76764273111735,False
E,161.04853886082995,False
A,146.7650150663972,False
B,145.47547301260033,False
C,132.8241769947809,False
D,146.1845939485573,False
E,141.38220959820228,False
A,127.51093331986473,False
B,150.0715717741548,False
C,133.6985861993019,False
D,144.77876576744083,False
E,128.28438358805548,False
A,141.0241045253035,False
B,157.15071212220363,False
C,135.47842493674267,False
D,134.79432229804647,False
E,143.62225347315177,False
A,155.99260724919463,False
B,157.27269848473023,False
C,115.5280490474724,False
D,137.10883118662397,False
E,139.44042299994848,False
A,146.73144890236483,False
B,148.5291336595585,False
C,142.62115904046598,False
D,141.5734484201771,False
E,149.73670518169223,False
A,131.18870338295196,False
B,159.14544761277116,False
C,130.48067817874033,False
D,143.22461389381888,False
E,143.5908025269468,False
A,143.8770150896861,False
B,152.5781938665452,False
C,122.50177086282984,False
D,139.9846794861453,False
E,133.30654062250457,False
A,148.96733070815634,False
B,147.25116510829514,False
C,140.48476673994034,False
D,152.28388034806528,False
E,139.40535501515276,False
A,150.1446338634136,False
B,153.3141001008213,False
C,139.05177925194675,False
D,143.65737983016493,False
E,136.47101653015847,False
A,143.77131107034458,False
B,151.50949098316377,False
C,126.44913245022391,False
D,140.95378484275324,False
E,137.66567061911803,False
A,153.44112475580303,False
B,158.45664034828988,False
C,136.34151702951627,False
D,150.16568019862646,False
E,133.5636381645325,False
A,138.40784439295294,False
B,150.85752900721246,False
C,125.25815024625436,False
D,141.87123549565075,False
E,146.3564894293312,False
A,140.4044763504953,False
B,151.15681370332717,False
C,138.11496074045505,False
D,151.325289774152,False
E,152.7830967555993,False
A,133.21343305795568,False
B,133.47229493078422,False
C,131.80492323422646,False
D,134.0287928979676,False
E,137.76091683078417,False
A,139.24960517548067,False
B,152.5105411888966,False
C,123.48847035185001,False
D,151.1496515831864,False
E,146.17416140484872,False
A,150.12332411221703,False
B,145.53808455963846,False
C,121.38110442162348,False
D,156.96972523605208,False
E,145.92644805376986,False
A,141.82470241912966,False
B,145.1814367994766,False
C,128.39643250931397,False
D,143.91504555119482,False
E,139.6155470307189,False
A,131.96684158005604,False
B,164.71549709568183,False
C,140.00916402698363,False
D,144.19299499981685,False
E,144.95306068647756,False
A,159.4382332719113,False
B,161.58220597143935,False
C,135.48753682722017,False
D,140.27846020377945,False
E,151.7865730110008,False
A,133.62884323227732,False
B,175.5748107561923,False
C,125.70179488452355,False
D,152.56600731439758,False
E,151.08026385017325,False
A,142.34354937357728,False
B,136.02985504688564,False
C,131.65030235715776,False
D,152.51389556084354,False
E,147.03059815881372,False
A,142.62487477139726,False
B,161.77735203893243,False
C,122.65159847336861,False
D,140.3578621102808,False
E,132.8295679535384,False
A,145.1316365074119,False
B,161.64077974691776,False
C,142.2922596393595,False
D,142.79228213216206,False
E,134.1820186672989,False
A,138.31723299272474,False
B,156.12661482983162,False
C,145.2462698553628,False
D,142.009570370248,False
E,149.71960995346618,False
A,143.3460901062001,False
B,150.8730327365297,False
C,125.41204174018023,False
D,140.84454248734946,False
E,140.07721566766892,False
A,143.13450575237866,False
B,161.4586477899727,False
C,130.40873247354972,False
D,131.8272502168535,False
E,148.3568285063973,False
A,145.63128483458755,False
B,163.2390093377041,False
C,140.58046769474558,False
D,140.59894404514728,False
E,150.0927561165805,False
A,136.1862707041209,False
B,158.65011140367687,False
C,127.84795678969053,False
D,139.45904043773086,False
E,157.42145664392956,False
A,149.72100434409552,False
B,145.42851531150416,False
C,138.17761944643073,False
D,143.73005732148798,False
E,151.5050131103252,False
A,141.93508257461028,False
B,147.56907354701352,False
C,128.43871287484538,False
D,140.44232692098564,False
E,136.04665665164572,False
A,142.33250513361608,False
B,167.31560395658778,False
C,135.02945312605365,False
D,147.14900509554803,False
E,136.82485670807563,False
A,147.50950811006487,False
B,154.0342722239146,False
C,127.98986876359353,False
D,149.7024949185064,False
E,144.91872311406945,False
A,129.9538582090475,False
B,155.15107065976377,False
C,131.72635756551503,False
D,135.60293160121864,False
E,140.8121905874796,False
A,141.32459035182575,False
B,151.8350123068389,False
C,132.32431948968667,False
D,137.40472762598483,False
E,133.2755069193995,False
A,145.10632781899275,False
B,157.29719750904,False
C,132.91420934125637,False
D,144.92124493769296,False
E,136.37442634317006,False
A,137.78410003209055,False
B,153.7333515571467,False
C,138.02337852440084,False
D,133.5217344656367,False
E,146.3396091882175,False
A,142.15294950145176,False
B,141.081675016864,False
C,140.7635323330632,False
D,145.31609079346595,False
E,159.73808458770753,False
A,144.86057171076214,False
B,151.1592254862257,False
C,131.60199659075874,False
D,142.96667280072944,False
E,144.44627090132158,False
A,151.96363568637585,False
B,176.03000396685943,False
C,144.63654428418465,False
D,159.154712945903,False
E,146.93232457758748,False
A,142.0279403221471,False
B,147.92485836947895,False
C,126.21158015939184,False
D,154.72746188946832,False
E,137.4845427689737,False
A,149.20286479572917,False
B,150.44895426396852,False
C,126.54319746371114,False
D,149.23990222500515,False
E,137.73125419991385,False
A,150.0809797545593,False
B,146.9717192756092,False
C,136.69105909086048,False
D,161.1172030646074,False
E,140.22778150639297,False
A,156.76506587074095,False
B,148.44469592611134,False
C,134.6728485627242,False
D,142.12065923118638,False
E,142.00646286262779,False
A,133.44939987995502,False
B,167.73816361529597,False
C,118.3410307168901,False
D,135.37439930713123,False
E,159.9824749067545,False
A,145.8946913704224,False
B,139.70215142028687,False
C,150.1632338741978,False
D,136.18124506820294,False
E,144.59995595637574,False
A,142.89819181777438,False
B,151.1261768988385,False
C,113.15679924110486,False
D,136.54310518700757,False
E,148.2510250026384,False
A,145.50861268069178,False
B,150.28588946736045,False
C,133.47266055974623,False
D,143.87926148160298,False
E,138.6102683144188,False
A,150.9652735800358,False
B,154.8425712903295,False
C,126.8973882176008,False
D,148.3747028273527,False
E,151.15727782744176,False
A,133.78231264078232,False
B,148.5394337149942,False
C,122.181543856111,False
D,129.66105843917066,False
E,131.24233044615076,False
A,131.2998106596998,False
B,154.4102071039174,False
C,128.52319578004338,False
D,147.8830911292625,False
E,152.08234976374564,False
A,160.5665136680352,False
B,154.93743024277956,False
C,123.59927548497821,False
D,156.1978474960237,False
E,150.74078864576927,False
A,139.88421084467765,False
B,158.5152061461824,False
C,121.93001738975224,False
D,134.94810450360325,False
E,144.68094145551342,False
A,136.26431753761906,False
B,149.13755502127577,False
C,137.865413458418,False
D,144.41864895219126,False
E,151.28568817141183,False
A,144.4193367438659,False
B,153.09019571863956,False
C,140.6651847770181,False
D,139.81462288291038,False
E,137.48924552949367,False
A,161.22240396185143,False
B,148.97464623021625,False
C,146.99807790170885,False
D,144.36458650880493,False
E,158.4164184635226,False
A,130.22409213934264,False
B,147.0869777031899,False
C,122.98481389559574,False
D,141.4794280705207,False
E,141.40424678311018,False
A,137.9951341393748,False
B,145.5287716991325,False
C,127.41943644095264,False
D,149.34521036411297,False
E,139.67058316813123,False
A,137.53816887483438,False
B,156.30192267074844,False
C,133.30860588019104,False
D,152.6819006607228,False
E,137.41765446255653,False
A,149.5307459958085,False
B,163.48137506845958,False
C,150.51807633945458,False
D,143.71690122927913,False
E,149.31395213560955,False
A,138.59320202476962,False
B,141.1326420452533,False
C,126.27833031565136,False
D,131.17046538344033,False
E,146.80201601863422,False
A,134.9839139825833,False
B,144.52751237915263,False
C,133.16697174320458,False
D,158.1814474307886,False
E,145.90105107454107,False
A,149.46488408673017,False
B,144.65816776783504,False
C,131.83924433840235,False
D,138.27243313360916,False
E,143.31187928371233,False
A,144.02366808408883,False
B,152.37780678210936,False
C,147.14841045456106,False
D,159.85959537872796,False
E,145.8423326039123,False
A,144.38449808932108,False
B,154.8097503470787,False
C,125.33189909872699,False
D,153.81605647010912,False
E,140.33808598037132,False
A,149.7852973743035,False
B,145.14603724365892,False
C,126.60364215250335,False
D,152.27346383134355,False
E,144.47375778877216,False
A,148.621821460195,False
B,158.08307431487185,False
C,126.30760163931423,False
D,148.6753188600333,False
E,143.34071451397904,False
A,141.85388111281299,False
B,143.91531851974102,False
C,151.34835586012025,False
D,158.7812416547636,False
E,139.88789077786444,False
A,139.33074249820055,False
B,171.1810300335018,False
C,131.31415989739764,False
D,152.96243296084353,False
E,148.62673601341592,False
A,141.86751669043284,False
B,152.08564012233964,False
C,138.3844143895953,False
D,143.25964697451363,False
E,146.6995104746084,False
A,154.3685292809487,False
B,159.72108394257288,False
C,126.7116340175982,False
D,142.17953129426596,False
E,150.06236041215544,False
A,147.11082010585696,False
B,154.72285330721115,False
C,124.57296935608348,False
D,151.74383493033608,False
E,142.83410240066323,False
A,150.56988705265962,False
B,169.14327465137117,False
C,131.5578949618449,False
D,138.971030354198,False
E,156.55367528095326,False
A,136.73288932085967,False
B,161.01297426741743,False
C,125.49818781755224,False
D,137.32440720151578,False
E,141.29858704573158,False
A,144.41111663762734,False
B,150.40955348429455,False
C,133.86554412524058,False
D,144.3910921290155,False
E,138.0212240969703,False
A,126.72832904359355,False
B,149.8498375165001,False
C,137.40612029178988,False
D,126.23789791650232,False
E,140.2628076179941,False
A,139.01597468821535,False
B,164.363364084101,False
C,133.72285211393572,False
D,137.43672225704051,False
E,140.7289080533796,False
A,135.8048963866106,False
B,147.05825530376381,False
C,132.13847686438103,False
D,149.07184857552858,False
E,142.5481946141197,False
A,133.47137197720568,False
B,146.27313441237516,False
C,128.02013444284128,False
D,127.7787652955588,False
E,148.81716098522938,False
A,144.72132150884812,False
B,161.32224942135647,False
C,144.6945135352244,False
D,149.47765460272444,False
E,147.2244689141479,False
A,139.82137679353846,False
B,160.49976820398905,False
C,132.02792499691876,False
D,143.49924244432222,False
E,144.10672889112098,False
A,147.1531266532753,False
B,149.84316232392968,False
C,133.92831256534595,False
D,150.00779252952464,False
E,139.6127758422506,False
A,134.70874298137878,False
B,146.6213052319026,False
C,114.4146713816193,False
D,143.22549634956746,False
E,142.99640303125545,False
A,158.74959666791398,False
B,147.30472157103387,False
C,144.19523259318933,False
D,144.08338212319603,False
E,151.81013322685794,False
A,139.1064664735667,False
B,156.65745541562555,False
C,133.58704317004725,False
D,135.33789208793223,False
E,149.63784558955953,False
A,145.68000113131922,False
B,145.5031953454767,False
C,136.4822839890554,False
D,139.85191835235426,False
E,144.5314996932915,False
A,148.99916222404454,False
B,144.7148318389996,False
C,119.8923597957451,False
D,133.52583088678585,False
E,141.69569056578158,False
A,150.05683037627912,False
B,157.68289265465566,False
C,140.78221423102417,False
D,137.7069807303688,False
E,131.59026076178563,False
A,145.71377828290457,False
B,155.65457276891823,False
C,127.54033578019603,False
D,138.3685254719565,False
E,142.42232843319195,False
A,143.3010216632201,False
B,148.72900707500827,False
C,128.13194762524458,False
D,144.5821038856741,False
E,144.37546647016578,False
A,138.8919813286786,False
B,154.58046123558879,False
C,120.80889438784,False
D,157.02430368193865,False
E,135.18455274020667,False
A,147.64869262735394,False
B,163.0748484253856,False
C,137.5852773486316,False
D,153.44130156781904,False
E,138.89879076217522,False
A,136.14999856264228,False
B,158.74632745963416,False
C,139.18820086066987,False
D,136.6470614183966,False
E,149.39185114170374,False
A,136.2550582492331,False
B,160.81147876085592,False
C,143.9335655656377,False
D,145.46942845001666,False
E,147.57214677766748,False
A,147.59898331498235,False
B,136.66012888713246,False
C,138.15208367902858,False
D,137.7931848710535,False
E,135.6078929223562,False
A,133.76667817389682,False
B,148.37361634306745,False
C,150.43311369829917,False
D,153.12131534514788,False
E,131.69060117891345,False
A,132.00189627092828,False
B,159.16409515823858,False
C,135.02164601973467,False
D,144.76944672985408,False
E,151.7515787867792,False
A,133.22299289168834,False
B,140.14848476309,False
C,121.52816005342652,False
D,139.3012395259571,False
E,141.78773929740734,False
A,137.1899247235126,False
B,146.05810511844484,False
C,138.21836920267634,False
D,146.27582886948102,False
E,138.73950957816547,False
A,137.5193830235098,False
B,148.47539856190593,False
C,134.25324293876685,False
D,147.73844882744956,False
E,161.46407217381594,False
A,126.10553415863126,False
B,153.56572944585838,False
C,127.73478516989205,False
D,127.28771859829735,False
E,138.74025378784907,False
A,132.23792471477395,False
B,141.87230687697186,False
C,136.85917533057597,False
D,150.8505620794424,False
E,137.30663933993577,False
A,135.64595357118057,False
B,150.22265419599856,False
C,126.11467387088398,False
D,145.3366522367155,False
E,149.7162016468593,False
A,138.11560046495453,False
B,159.8655862191504,False
C,139.07958460137084,False
D,144.65207217799892,False
E,153.14682036012988,False
A,142.7185910907102,False
B,169.73479456945515,False
C,131.92050664783713,False
D,136.38470033736832,False
E,138.08508239993628,False
A,137.4803298886317,False
B,137.20072914344593,False
C,127.92989863818109,False
D,144.42455955540737,False
E,146.56169008614253,False
A,138.73541070663916,False
B,157.43162678132776,False
C,128.0273065119211,False
D,148.99982747765895,False
E,146.31813284428625,False
A,129.3592182557162,False
B,144.18013419126063,False
C,134.63564890757104,False
D,129.64938379323272,False
E,137.65437082767986,False
A,135.0783920150902,False
B,169.1708499780841,False
C,129.94770351079777,False
D,143.32820665001125,False
E,160.48227496404073,False
A,138.82910298840568,False
B,159.050753601795,False
C,141.97690215642749,False
D,156.49099784455578,False
E,155.86434200226378,False
A,140.66903486223373,False
B,153.80036051888501,False
C,146.452920050666,False
D,135.0997435314329,False
E,149.6849736827373,False
A,155.2939712696454,False
B,157.2081031304758,False
C,140.58804177478527,False
D,153.6718122464441,False
E,142.76614976062095,False
A,150.00493237974615,False
B,155.39876429540686,False
C,121.83229018356309,False
D,136.07446146702088,False
E,147.78582914987544,False
A,124.41678655777794,False
B,150.74341689578102,False
C,132.18921333694271,False
D,148.40534143914329,False
E,145.4726456382524,False
A,137.73627240923807,False
B,165.6229291395601,False
C,119.66808172098196,False
D,142.07252805074668,False
E,136.3975874606211,False
A,143.77327682452804,False
B,142.9327238382415,False
C,145.91651461205416,False
D,138.20182700432682,False
E,147.95583283135335,False
A,137.08895758134673,False
B,156.36608623450059,False
C,135.2434223163211,False
D,138.41173266526445,False
E,147.77122180073493,False
A,154.709639933596,False
B,153.14485689518784,False
C,138.28901936186426,False
D,140.66717884452478,False
E,143.9217888349696,False
A,131.34392280789277,False
B,157.68794155722742,False
C,137.3554125479354,False
D,124.27733203051618,False
E,151.645036465371,False
A,147.4891658770654,False
B,168.04469144950775,False
C,139.80062915238122,False
D,149.27779654259257,False
E,137.64800213846067,False
A,153.58649194831625,False
B,167.00782213243755,False
C,129.65906143923118,False
D,152.5532767048524,False
E,150.85754236677022,False
A,146.75784903263744,False
B,157.64636050161866,False
C,138.32722616739736,False
D,146.2250166383251,False
E,133.45407939673248,False
A,141.8068622780713,False
B,153.12918824433333,False
C,137.11879787199416,False
D,153.61900064995427,False
E,139.2044508889182,False
A,138.60238989523978,False
B,162.64522975110066,False
C,133.94003689663526,False
D,133.64826371691592,False
E,158.6472037351776,False
A,127.65583581057226,False
B,157.63306983789994,False
C,137.9122892899982,False
D,154.86172554363984,False
E,141.47945175199817,False
A,136.21840701728254,False
B,135.96799201634,False
C,145.78479141337647,False
D,137.18918436747447,False
E,153.6421592286402,False
A,156.91694951204715,False
B,152.87905605833458,False
C,135.98752784092022,False
D,144.209059309902,False
E,141.13218944439927,False
A,143.06050058664096,False
B,143.36901998312374,False
C,129.68679617154393,False
D,141.30742723214306,False
E,151.21833121623743,False
A,148.98380393162697,False
B,150.47903120304628,False
C,125.00942622144338,False
D,143.41133460613077,False
E,138.27507003207126,False
A,148.39329573061045,False
B,158.67439624504956,False
C,135.20937732361173,False
D,145.8457816092816,False
E,143.86744089757383,False
A,141.76859579016818,False
B,132.97756204397976,False
C,123.60067375934294,False
D,153.18603770489528,False
E,139.49823656843668,False
A,148.51494704866917,False
B,144.59058316119058,False
C,140.89411252511192,False
D,145.7477759242647,False
E,143.49650777693552,False
A,145.22364980088048,False
B,155.83140458800153,False
C,139.5077358453727,False
D,138.39732846098065,False
E,142.7538703325686,False
A,141.0669170581908,False
B,154.08864639750362,False
C,143.98280317351137,False
D,152.24159540381078,False
E,154.7410335008855,False
A,155.1826691761159,False
B,155.4271931146055,False
C,132.29514958341338,False
D,134.06144157740772,False
E,144.02931690854396,False
A,154.77963301054442,False
B,164.9682485649919,False
C,126.99132977982728,False
D,163.63955002346196,False
E,139.15298538350353,False
A,147.6166406270684,False
B,170.6141294478625,False
C,125.12510338397725,False
D,143.73947605597957,False
E,149.3266072813746,False
A,136.67736526731437,False
B,149.0150856714936,False
C,134.19881442613627,False
D,152.87151152099148,False
E,147.98995922831924,False
A,134.27403145717275,False
B,167.74516780622926,False
C,140.2950840159848,False
D,147.99263485972094,False
E,140.22204091048872,False
A,141.2628288207426,False
B,152.65605477753638,False
C,145.27560249817662,False
D,141.80321788174865,False
E,151.76960178958117,False
A,139.36887796678212,False
B,150.66268176754772,False
C,129.96982655996968,False
D,144.31144813260786,False
E,146.32103915130256,False
A,139.5592827407518,False
B,147.19630178661055,False
C,131.64319212660558,False
D,134.80467054493602,False
E,143.29904339561443,False
A,138.75123936353972,False
B,142.2761480564255,False
C,135.7123680554788,False
D,137.2991291935142,False
E,153.01730038725432,False
A,148.1919691823106,False
B,149.40743385513525,False
C,140.0636949552317,False
D,134.0168651134521,False
E,140.07981301381147,False
A,147.58785980367227,False
B,150.03912406897396,False
C,134.3997967159837,False
D,141.24803224364712,False
E,142.1985138826671,False
A,137.2530903356334,False
B,141.6645483854212,False
C,138.22757752324236,False
D,141.53762013064116,False
E,147.70043663096115,False
A,134.885595193078,False
B,171.6763549366224,False
C,120.17473009921478,False
D,153.48303276939785,False
E,137.46180608829997,False
A,148.07211222950335,False
B,143.52082964739876,False
C,140.34117279613582,False
D,150.05193837124114,False
E,146.84933101925233,False
A,130.00815664796215,False
B,159.36172450830466,False
C,130.0698784819112,False
D,123.0586141851557,False
E,138.05783539697302,False
A,122.0273898229169,False
B,155.52642918079312,False
C,130.69822577294516,False
D,150.80990913259203,False
E,152.0907418290386,False
A,150.57786281553044,False
B,150.4989162486763,False
C,114.43432518670387,False
D,141.23811864397211,False
E,149.36119046797717,False
A,137.04331013000808,False
B,147.29220168257604,False
C,146.70093507021164,False
D,152.23021019999044,False
E,134.99724421069465,False
A,154.47572842486875,False
B,154.8959387786525,False
C,127.91156324687691,False
D,143.50016459241053,False
E,142.78191143543498,False
A,141.44491796021788,False
B,159.516099575297,False
C,140.9112847653664,False
D,146.71710675651596,False
E,152.30557864391795,False
A,139.88935415553138,False
B,158.12964772559576,False
C,128.15597599537816,False
D,155.38075647399882,False
E,147.91934147736265,False
A,154.67155960229377,False
B,147.25117428820113,False
C,130.57743578275705,False
D,154.13374147921414,False
E,145.4156827610347,False
A,147.39131233903063,False
B,147.8575765985485,False
C,132.33887885356216,False
D,134.53554937903175,False
E,156.18605892176353,False
A,137.43021710570068,False
B,151.66391307552556,False
C,136.14352556108605,False
D,130.98819795328495,False
E,150.0399138614515,False
A,144.3434867793159,False
B,155.9320220024278,False
C,133.84345156054664,False
D,133.71784762958362,False
E,156.0620001032306,False
A,139.28642803282514,False
B,156.9365960040978,False
C,136.00105149034724,False
D,152.54193291039553,False
E,134.79855695858632,False
A,149.7360560760813,False
B,153.88759877941993,False
C,129.77581298834755,False
D,149.09830882170914,False
E,136.93175624252368,False
A,141.51374600207907,False
B,156.41971316142548,False
C,120.71238817853784,False
D,147.89333184358355,False
E,144.3713253994999,False
A,136.34059242051612,False
B,143.7766720890155,False
C,131.41688069665992,False
D,157.21749041663134,False
E,131.50609875120037,False
A,141.61305727210134,False
B,145.8876244884124,False
C,135.14202661366912,False
D,139.94788401908662,False
E,149.3332997445389,False
A,149.02215304872024,False
B,168.12950885512222,False
C,136.96853339257896,False
D,139.59299030343126,False
E,137.99006335772003,False
A,142.24887207860453,False
B,161.97132429827755,False
C,135.27171328250103,False
D,143.54540220255598,False
E,141.21230476092614,False
A,124.82280041125227,False
B,146.66856256283893,False
C,130.40042241452744,False
D,150.05392264467136,False
E,146.31992830517217,False
A,138.44825017694305,False
B,167.0894873630407,False
C,144.2548311752002,False
D,143.17701329175156,False
E,146.3896692483032,False
A,148.7320938255452,False
B,145.94469663303053,False
C,135.62372312695155,False
D,149.54553356938993,False
E,128.38262885184594,False
A,132.97253670419516,False
B,151.3188148953989,False
C,130.33598484704683,False
D,153.610159809388,False
E,134.5657962714368,False
A,129.9867297679007,False
B,143.99717196712973,False
C,141.5777621726702,False
D,161.7801269622693,False
E,128.90448261304593,False
A,154.7225112748241,False
B,146.9827054833343,False
C,136.96751183977597,False
D,143.4185255638222,False
E,147.95871571269186,False
A,134.8985194495,False
B,151.21042154750353,False
C,128.52967752496104,False
D,121.65648678083288,False
E,135.3326479433498,False
A,150.1407324946694,False
B,147.81838036876152,False
C,137.92431778464504,False
D,144.63843889722196,False
E,158.94957719612603,False
A,137.63057795354962,False
B,148.9551075183632,False
C,133.8187012347666,False
D,142.79832918046586,False
E,151.74591816433838,False
A,146.00224765628795,False
B,157.0973619925422,False
C,137.14841397633032,False
D,153.95130767075483,False
E,141.09751341712962,False
A,138.86915570712824,False
B,143.84298002219643,False
C,119.72572697021266,False
D,131.34685180021535,False
E,137.4711688327848,False
A,140.71017886856762,False
B,153.47270340747528,False
C,132.49884622854253,False
D,135.5998506843526,False
E,146.0494174388151,False
A,131.3343452298097,False
B,151.40313011562492,False
C,130.30491181097898,False
D,139.8027379537692,False
E,145.94321741805905,False
A,151.90711312888,False
B,152.5231127854118,False
C,127.846121240606,False
D,125.27071510977682,False
E,146.63816033506774,False
A,127.47890023459637,False
B,162.47767128125747,False
C,137.98451887603971,False
D,142.6221917803718,False
E,154.30531490232752,False
A,146.21337957005466,False
B,160.96837947357906,False
C,143.69281715296512,False
D,147.56890810764358,False
E,139.24760611698468,False
A,149.58757157707768,False
B,150.74281096985513,False
C,118.58797034367936,False
D,146.85504990810233,False
E,140.40885808890658,False
A,152.52319244709696,False
B,152.36408594331346,False
C,132.9154303214313,False
D,137.3192945269734,False
E,150.69767090813207,False
A,131.2179599174515,False
B,144.67637530128846,False
C,132.16955799515554,False
D,144.45086214329913,False
E,156.8800623004145,False
A,135.8637845802043,False
B,158.53122726651236,False
C,130.9150812445659,False
D,140.801143421363,False
E,162.4666953351472,False
A,143.4221618236377,False
B,164.82679127359788,False
C,137.89097577733426,False
D,136.74058974148193,False
E,148.92296396475572,False
A,163.49986523602854,False
B,159.5720175463203,False
C,147.84180964655525,False
D,151.16998520496122,False
E,158.77559370153742,False
A,140.88139359579682,False
B,151.8552675209115,False
C,130.9222103370562,False
D,131.60481628835257,False
E,136.02519609119392,False
A,131.03537851444574,False
B,165.07280068258063,False
C,139.4124158975766,False
D,149.55918739509366,False
E,143.60407484820675,False
A,134.09053849177593,False
B,159.64420152314915,False
C,128.36275107834967,False
D,135.0659696079598,False
E,146.84492370479586,False
A,151.93897054081492,False
B,151.512946719392,False
C,150.70421379548793,False
D,130.11179521806193,False
E,150.03670110043265,False
A,139.44238666011597,False
B,153.51913597572133,False
C,122.72864863281954,False
D,152.43508091118812,False
E,144.00105179816066,False
A,143.30465271723116,False
B,142.9047471095246,False
C,126.29234026188188,False
D,146.5345606027263,False
E,149.44403132253308,False
A,149.34850119264723,False
B,147.07991323875265,False
C,130.63317616372086,False
D,155.1424604132219,False
E,144.98149005738793,False
A,166.65614400647777,False
B,147.2045422726867,False
C,131.769807399697,False
D,128.24602411719002,False
E,140.08905016406686,False
A,124.71999300929872,False
B,149.27290793310968,False
C,141.29173068795697,False
D,131.76001136755244,False
E,134.95995272234495,False
A,140.02522089915578,False
B,150.34127647593934,False
C,150.58505918839535,False
D,149.61995254024964,False
E,146.59426074099486,False
A,157.59639499240566,False
B,154.40063560325174,False
C,124.11246535042913,False
D,145.51977130300705,False
E,132.6421838335345,False
A,145.3061346707846,False
B,147.20203993456283,False
C,140.15614750073777,False
D,139.86465995456126,False
E,143.56176364937724,False
A,147.378842228741,False
B,156.94701025167785,False
C,127.01032485815176,False
D,127.29099261366764,False
E,140.86446058587342,False
A,135.70207254531456,False
B,151.19050153374002,False
C,130.73053172361827,False
D,131.62171187927763,False
E,128.670975619461,False
A,144.7691842706826,False
B,154.675903028923,False
C,124.59233941672461,False
D,144.2544595787289,False
E,149.04190259525467,False
A,154.42997540914305,False
B,141.82021213712738,False
C,131.6757337758159,False
D,126.78814720236316,False
E,140.40282824743704,False
A,144.2094686720338,False
B,158.00631943094123,False
C,133.70826881170947,False
D,133.08896953125208,False
E,143.85689433023876,False
A,153.39554652871965,False
B,154.34477899910596,False
C,145.5659859532966,False
D,153.0616496336093,False
E,137.47672094273102,False
A,151.00725120396697,False
B,145.13515476749478,False
C,127.4970564044197,False
D,142.67976766485842,False
E,140.62816303268752,False
A,148.8510099945278,False
B,161.10870485180695,False
C,128.3865998200791,False
D,134.99693025730147,False
E,131.07651568948114,False
A,133.85267483120782,False
B,154.7757207605425,False
C,133.76456962725385,False
D,127.3070969733329,False
E,144.01889975816587,False
A,140.4236627024817,False
B,147.026865925851,False
C,124.98967980024543,False
D,139.44031626612895,False
E,149.6789017435341,False
A,141.31263487754475,False
B,170.91703583013273,False
C,125.45004596383846,False
D,151.8451848788232,False
E,145.33787179368838,False
A,151.00231398905498,False
B,145.9919472156997,False
C,134.10778540957372,False
D,135.65876601975452,False
E,140.94977718075975,False
A,138.59607027201628,False
B,153.80651844489654,False
C,127.37995183534149,False
D,143.0512949317326,False
E,141.54510241087672,False
A,141.03343112036447,False
B,161.95465366834586,False
C,132.8213846856074,False
D,134.4695676516313,False
E,145.19813647086133,False
A,141.68427020410476,False
B,153.65992015819452,False
C,121.56511133558729,False
D,145.96736585766885,False
E,140.76059823924555,False
A,156.3660698352816,False
B,154.4564335658125,False
C,126.13885511262457,False
D,148.24129192182778,False
E,135.58039489271266,False
A,150.89680707352522,False
B,154.1870202104299,False
C,127.36013320471997,False
D,139.82817470474046,False
E,161.71647093501815,False
A,141.7937065876815,False
B,140.7656096669218,False
C,136.72039525435028,False
D,155.1727471232761,False
E,144.68945399934466,False
A,133.68777602467284,False
B,157.56966195906358,False
C,119.19555946902797,False
D,150.52714187852516,False
E,138.91457573263907,False
A,138.06425493723344,False
B,150.50776367375641,False
C,138.97800003061946,False
D,152.7253744319754,False
E,138.48930761858122,False
A,130.126733321721,False
B,155.04691337210335,False
C,124.64600124932674,False
D,145.57518111200332,False
E,136.28624942159863,False
A,133.95177120706416,False
B,156.50428012103686,False
C,139.67958306187532,False
D,142.92099303940302,False
E,154.3585148021677,False
A,149.3876399515928,False
B,154.98131107779503,False
C,124.4601710637148,False
D,138.1838441851362,False
E,133.61712877607798,False
A,144.47971633942902,False
B,161.87760001360937,False
C,126.51028810197487,False
D,134.5938142219764,False
E,146.3363567621831,False
A,137.95310384068955,False
B,167.7943366367393,False
C,137.97593918905613,False
D,155.72900550683065,False
E,143.8376987133264,False
A,158.28886898689808,False
B,161.78101403240947,False
C,131.69320734136755,False
D,131.0703233667597,False
E,127.91994865797176,False
A,143.1546857629909,False
B,155.5497446181351,False
C,131.03609749133142,False
D,140.35146897109666,False
E,137.29533960099872,False
A,155.08024591806316,False
B,142.51195829866074,False
C,135.03845013764246,False
D,156.30125215889163,False
E,140.13251471949903,False
A,127.93393345655527,False
B,167.76447126703385,False
C,131.99275853002047,False
D,140.24581762252745,False
E,146.53792846423448,False
A,130.42988711178856,False
B,167.661005794045,False
C,132.33922044167488,False
D,139.6640542993411,False
E,140.66922883580574,False
A,142.4689412815957,False
B,162.64639670861206,False
C,135.9567535485524,False
D,138.50495750431475,False
E,141.10592190975962,False
A,142.94902719279415,False
B,140.23659463286032,False
C,135.69955504046087,False
D,144.20445826992736,False
E,131.23115619683398,False
A,145.80474552795346,False
B,161.17112990087597,False
C,133.40360476454046,False
D,132.22062076740215,False
E,147.6078460259682,False
A,137.60435835053192,False
B,142.03917495219645,False
C,135.47673759367345,False
D,146.07958850348908,False
E,154.6472156335196,False
A,127.78151525219717,False
B,161.52028081643687,False
C,133.11511274240303,False
D,144.11180292280648,False
E,149.81467361200566,False
A,144.6072016899172,False
B,161.9671675088471,False
C,136.05834899029983,False
D,144.5807846251124,False
E,149.96348970025417,False
A,139.88759364446645,False
B,159.17611204141716,False
C,128.05536868098335,False
D,134.8205087963936,False
E,143.28259020806146,False
A,131.2675091248575,False
B,144.91824368544818,False
C,138.40394226073002,False
D,140.57025519586577,False
E,148.14369445762716,False
A,148.17360989185656,False
B,153.1621715752795,False
C,116.68031636488395,False
D,136.95152457426843,False
E,146.43436730586737,False
A,139.15882515885343,False
B,166.16241587098506,False
C,136.20180695528748,False
D,144.3099877219943,False
E,140.775816276243,False
A,134.2785639519061,False
B,150.62215964721395,False
C,130.47248877853932,False
D,151.54096457207226,False
E,136.67831684809406,False
A,149.6173708715134,False
B,149.96872615277962,False
C,135.19590737430738,False
D,140.16074615425867,False
E,144.94123840224148,False
A,134.41563021619743,False
B,158.3941504581287,False
C,121.29316943834597,False
D,146.59769502584774,False
E,151.63074318502044,False
A,158.99906015360722,False
B,154.30230405393806,False
C,131.47852637154134,False
D,146.96193072553936,False
E,147.52433143112702,False
A,124.6734523215022,False
B,152.09069484252734,False
C,135.40964963935468,False
D,158.89086384203412,False
E,137.4340104720574,False
A,145.3308061779034,False
B,153.02416141748552,False
C,130.78643927129008,False
D,135.04104009179318,False
E,150.50369623592712,False
A,138.54142627911057,False
B,130.54348264777255,False
C,126.17183902192694,False
D,159.47158671156106,False
E,139.09247838023563,False
A,140.87104578251504,False
B,162.0952211341239,False
C,143.22498594811177,False
D,138.31295029595503,False
E,152.74110528167924,False
A,142.51374855732683,False
B,146.368111390085,False
C,125.10784539696017,False
D,148.926219055503,False
E,154.23599754499295,False
A,144.27699757238818,False
B,144.72415683844403,False
C,127.5078108126438,False
D,156.20160606091673,False
E,156.78604419562794,False
A,143.02578818127736,False
B,159.3543343638128,False
C,130.7746802124985,False
D,152.27268202858207,False
E,140.45365765976766,False
A,145.2380595258886,False
B,156.28096093124813,False
C,131.122157458713,False
D,163.16770010803575,False
E,143.92033938542502,False
A,137.7438940630934,False
B,158.6676105058173,False
C,117.90722848186256,False
D,140.83699599292268,False
E,149.53116768514542,False
A,141.5252596276756,False
B,151.4602490005961,False
C,141.17763882736975,False
D,136.79476096292498,False
E,147.684871651942,False
A,146.36385098090145,False
B,150.0714587696338,False
C,122.42720301066207,False
D,142.75768462076337,False
E,147.96780309226344,False
A,147.90812933061397,False
B,151.86692259906997,False
C,145.60916313514247,False
D,146.05371237452343,False
E,145.69713405442917,False
A,139.1253902993534,False
B,144.40936794094355,False
C,133.09993591067186,False
D,150.30946909885353,False
E,142.91293567723156,False
A,146.1501315121279,False
B,164.0498780256024,False
C,126.93035253411418,False
D,140.5629170069212,False
E,146.71848202955894,False
A,141.97348068523877,False
B,140.46452053856535,False
C,136.2741127744009,False
D,145.8525385424889,False
E,148.38456295461938,False
A,145.09705757974567,False
B,148.2385925340871,False
C,158.70453981486344,False
D,142.99711187805923,False
E,140.48824328333941,False
A,140.23454281907692,False
B,164.1187221189688,False
C,131.01925123978017,False
D,131.66712019194463,False
E,152.37365653907872,False
A,147.81075310488313,False
B,157.09810219246026,False
C,132.72993290990408,False
D,150.360027905077,False
E,150.47612182171528,False
A,150.3492648707183,False
B,145.1817705115691,False
C,129.77088111112585,False
D,153.16540258834854,False
E,142.56480708228523,False
A,145.76093066097735,False
B,146.5342440286197,False
C,132.98639535388614,False
D,139.10309512599832,False
E,144.6972860262738,False
A,143.99250424878778,False
B,153.07380416029434,False
C,130.28567134055726,False
D,151.27300875883998,False
E,147.73129539930682,False
A,159.3355146118233,False
B,153.29642465321243,False
C,138.85962613334797,False
D,142.15545734459693,False
E,150.46950713020635,False
A,140.7673683553935,False
B,138.34415800173284,False
C,140.47392384459923,False
D,153.09033774163223,False
E,134.90857257625584,False
A,146.23249033073927,False
B,157.6233272674899,False
C,146.54504791074314,False
D,143.5033029305865,False
E,151.1972528151114,False
A,121.40263448513603,False
B,178.5408777384344,False
C,123.68081636638027,False
D,133.80438143663974,False
E,133.96320677531415,False
A,143.30863378842025,False
B,149.42317756557637,False
C,164.06586010150676,False
D,143.8669741558814,False
E,152.02487695249727,False
A,127.16665698192995,False
B,151.87944797053413,False
C,126.95306586273468,False
D,137.1420128118028,False
E,134.87042304834685,False
A,147.03944787856366,False
B,168.70845374922882,False
C,137.01049277563783,False
D,155.59661028056576,False
E,141.67299554882766,False
A,133.13677647682002,False
B,152.79897678776373,False
C,136.18451136362245,False
D,148.77502361215105,False
E,162.5827686504986,False
A,134.42760912010962,False
B,161.04072809565915,False
C,144.7595476215911,False
D,146.63550989043577,False
E,151.47689009282783,False
A,138.67987533277218,False
B,162.0828757631134,False
C,131.4080715357892,False
D,139.65010552205578,False
E,132.48323451318234,False
A,147.56337531114593,False
B,156.78392212127375,False
C,134.7896510731014,False
D,144.9076904877394,False
E,145.16492521717444,False
A,138.6669026560785,False
B,160.98375008946965,False
C,126.02735456751685,False
D,141.02934709181267,False
E,152.8514642027308,False
A,132.4669100920699,False
B,152.13181777524147,False
C,146.77023701108948,False
D,143.43172670764162,False
E,152.49173396550285,False
A,140.4215746389103,False
B,150.8880034701499,False
C,147.47009560534,False
D,140.80915588470603,False
E,128.4364483930134,False
A,144.39291365495924,False
B,148.09063075616913,False
C,141.1316905664657,False
D,155.98780886693197,False
E,139.12355382715873,False
A,153.709541878576,False
B,166.21016313889427,False
C,142.14736877021951,False
D,150.1134175366414,False
E,142.72807566469615,False
A,156.47642066804838,False
B,169.569111526483,False
C,124.9022755846443,False
D,148.44392965658676,False
E,133.78717880391093,False
A,137.54386428280662,False
B,167.27977616242313,False
C,129.3859243820367,False
D,141.4216042181246,False
E,145.34704455271935,False
A,139.1607952809392,False
B,163.45049950587332,False
C,141.61205213223514,False
D,135.18795280538558,False
E,152.3650779221562,False
A,138.70186321175305,False
B,150.17396718574437,False
C,129.67648805643714,False
D,139.85347252062434,False
E,149.92251379180138,False
A,137.96010391056444,False
B,151.36632619923205,False
C,130.80776380732345,False
D,158.63572853788483,False
E,144.27588605514117,False
A,156.95215933147523,False
B,153.3856723941858,False
C,131.5247912175905,False
D,147.33448331344664,False
E,150.71852042797124,False
A,147.05115041617424,False
B,147.1593203266232,False
C,136.9452613964145,False
D,144.43533663514629,False
E,146.01251972242653,False
A,129.95250756579173,False
B,137.82687882493664,False
C,135.88008374147472,False
D,144.12725248061952,False
E,133.0850193837071,False
